player_name_clean,season_transfer_flag,league_canonical,stats_club,stats_position,stats_age,salary_target_eur,salary_target_total_gross_eur,stats_nation,matches,starts,minutes,nineties,goals,shots,shots_on_target,shot_on_target_pct,assists,penalty_attempts,key_passes,passes_into_final_third,passes_into_penalty_area,goal_creating_actions,tackles,tackles_won,blocks,interceptions,salary_status,salary_active,salary_loan,salary_verified,salary_weekly_gross_eur,salary_weekly_net_eur,salary_annual_net_eur,salary_weekly_gross_gbp,salary_annual_gross_gbp,salary_weekly_net_gbp,salary_annual_net_gbp,salary_weekly_gross_usd,salary_annual_gross_usd,salary_weekly_net_usd,salary_annual_net_usd,salary_bonus_gross_eur,salary_bonus_gross_gbp,salary_bonus_gross_usd,salary_bonus_net_eur,salary_bonus_net_gbp,salary_bonus_net_usd,salary_total_gross_gbp,salary_total_gross_usd,salary_total_net_eur,salary_total_net_gbp,salary_total_net_usd
Alejandro Balde,False,La Liga,Barcelona,DF,21.0,1670000,2090000,es ESP,28,21,1869,20.8,0,2,2,0.0,0,0,0,0,0,78,24,25,25,21,Active,True,False,False,32115,15385,800000,27794,1445284,13314,692352,37002,1924090,17725,921720,420000.0,363485.0,483903.0,200000.0,173088.0,230430.0,1808768,2407993,1000000,865439,1152150
Andreas Christensen,False,La Liga,Barcelona,DF,29.0,9000000,13000000,dk DEN,13,3,409,4.5,0,0,0,0.0,0,0,0,0,0,90,9,2,3,3,Active,True,False,True,173077,83077,4320000,149788,7788955,71898,3738699,199411,10369348,95717,4977287,4000000.0,3461758.0,4608599.0,1920000.0,1661644.0,2212128.0,11250713,14977947,6240000,5400342,7189414
Dani Olmo,False,La Liga,Barcelona,MF,27.0,12500000,14000000,es ESP,33,24,2067,23.0,7,8,15,7.0,0,0,0,0,0,75,17,39,42,23,Active,True,False,True,240385,115385,6000000,208038,10817993,99858,5192637,276959,14401872,132940,6912898,1500000.0,1298159.0,1728225.0,720000.0,623116.0,829548.0,12116153,16130096,6720000,5815753,7742446
Eric Garcia,False,La Liga,Barcelona,"DF,MF",24.0,8000000,10000000,es ESP,34,32,2721,30.2,1,1,2,1.0,0,0,0,0,0,83,22,56,24,44,Active,True,False,False,153846,73846,3840000,133145,6923516,63909,3323288,177254,9217198,85082,4424255,2000000.0,1730879.0,2304299.0,960000.0,830822.0,1106064.0,8654395,11521497,4800000,4154109,5530319
Fermin Lopez,False,La Liga,Barcelona,MF,22.0,7290000,8750000,es ESP,30,19,1797,20.0,6,9,15,6.0,0,0,0,0,0,75,18,36,20,22,Active,True,False,False,140192,67308,3500000,121328,6309054,58251,3029038,161523,8399172,77549,4032524,1460000.0,1263542.0,1682139.0,700000.0,605808.0,806505.0,7572595,10081310,4200000,3634846,4839029
Ferran Torres,False,La Liga,Barcelona,FW,25.0,10000000,13000000,es ESP,33,23,1965,21.8,16,2,18,16.0,0,0,0,0,0,74,20,30,20,6,Active,True,False,True,192308,92308,4800000,166431,8654395,79887,4154109,221567,11521497,106352,5530319,3000000.0,2596318.0,3456449.0,1440000.0,1246233.0,1659096.0,11250713,14977947,6240000,5400342,7189414
Frenkie de Jong,False,La Liga,Barcelona,MF,28.0,19000000,25210000,nl NED,25,16,1636,18.2,1,5,6,1.0,0,0,0,0,0,88,21,22,26,19,Active,True,False,True,365385,175385,9120000,316218,16443350,151785,7892808,420978,21890845,202069,10507606,6210000.0,5374379.0,7154850.0,2980000.0,2579010.0,3433406.0,21817729,29045695,12100000,10471818,13941012
Gavi,False,La Liga,Barcelona,MF,20.0,9380000,11730000,es ESP,11,7,573,6.4,0,1,1,0.0,0,0,0,0,0,69,6,9,14,8,Active,True,False,False,180385,86538,4500000,156112,8117822,74894,3894478,207830,10807165,99705,5184674,2350000.0,2033783.0,2707552.0,1130000.0,977947.0,1301929.0,10151605,13514716,5630000,4872424,6486603
Gerard Martin,False,La Liga,Barcelona,DF,23.0,1560000,1960000,es ESP,32,26,2119,23.5,0,0,0,0.0,0,0,0,0,0,79,16,42,7,29,Active,True,False,False,30000,14423,750000,25963,1350086,12482,649080,34564,1797354,16618,864112,400000.0,346176.0,460860.0,190000.0,164433.0,218908.0,1696261,2258213,940000,813513,1083021
Joan Garcia,False,La Liga,Barcelona,GK,24.0,6250000,7810000,es ESP,30,30,2700,30.0,0,0,0,0.0,27,58,1,2,15,90,21,60,4,4,Active,True,False,True,120192,57692,3000000,104019,5408997,49929,2596318,138480,7200936,66470,3456449,1560000.0,1350086.0,1797354.0,750000.0,649080.0,864112.0,6759082,8998289,3750000,3245398,4320562
Joao Cancelo,False,La Liga,Barcelona,DF,31.0,8330000,10410000,pt POR,16,11,954,10.6,2,2,4,2.0,0,0,0,0,0,79,6,21,14,19,Loan,True,True,True,160192,76923,4000000,138637,7209111,66572,3461758,184566,9597407,88627,4608599,2080000.0,1800114.0,2396471.0,1000000.0,865439.0,1152150.0,9009225,11993879,5000000,4327197,5760749
Jules Kounde,False,La Liga,Barcelona,DF,26.0,15630000,19550000,fr FRA,30,24,2261,25.1,1,3,4,1.0,0,0,0,0,0,88,22,43,24,24,Active,True,False,False,300577,144231,7500000,260131,13526819,124823,6490796,346310,18008100,166175,8641123,3920000.0,3392523.0,4516427.0,1880000.0,1627026.0,2166042.0,16919342,22524527,9380000,8117822,10807165
Lamine Yamal,False,La Liga,Barcelona,"MF,FW",18.0,16670000,27090000,es ESP,28,26,2262,25.1,16,11,27,13.0,0,0,0,0,0,85,23,39,52,20,Active,True,False,True,320577,153846,8000000,277440,14426876,133145,6923516,369353,19206336,177254,9217198,10420000.0,9017879.0,12005400.0,5000000.0,4327197.0,5760749.0,23444755,31211736,13000000,11250713,14977947
Marc Bernal,False,La Liga,Barcelona,MF,18.0,1250000,1560000,es ESP,22,9,790,8.8,2,1,3,2.0,0,0,0,0,0,65,10,11,11,19,Active,True,False,False,24038,11538,600000,20804,1081799,9986,519264,27696,1440187,13294,691290,310000.0,268286.0,357166.0,150000.0,129816.0,172822.0,1350086,1797354,750000,649080,864112
Marc Casado,False,La Liga,Barcelona,MF,21.0,1250000,1560000,es ESP,24,10,989,11.0,0,1,1,0.0,0,0,0,0,0,76,10,15,20,9,Active,True,False,False,24038,11538,600000,20804,1081799,9986,519264,27696,1440187,13294,691290,310000.0,268286.0,357166.0,150000.0,129816.0,172822.0,1350086,1797354,750000,649080,864112
Marcus Rashford,False,La Liga,Barcelona,"MF,FW",27.0,14000000,17500000,eng ENG,32,18,1763,19.6,8,7,15,8.0,0,0,0,0,0,76,25,19,25,8,Loan,True,True,True,269231,129231,6720000,233003,12116153,111841,5815753,310194,16130096,148893,7742446,3500000.0,3029038.0,4032524.0,1680000.0,1453938.0,1935612.0,15145191,20162620,8400000,7269692,9678058
Pau Cubarsi,False,La Liga,Barcelona,DF,18.0,4000000,5000000,es ESP,31,31,2703,30.0,1,0,1,1.0,0,0,0,0,0,87,29,47,9,28,Active,True,False,True,76923,36923,1920000,66572,3461758,31955,1661644,88627,4608599,42541,2212128,1000000.0,865439.0,1152150.0,480000.0,415411.0,553032.0,4327197,5760749,2400000,2077055,2765159
Pedri,False,La Liga,Barcelona,MF,22.0,12500000,16000000,es ESP,29,23,2104,23.4,2,9,11,2.0,0,0,0,0,0,83,21,39,43,33,Active,True,False,True,240385,115385,6000000,208038,10817993,99858,5192637,276959,14401872,132940,6912898,3500000.0,3029038.0,4032524.0,1680000.0,1453938.0,1935612.0,13847032,18434396,7680000,6646575,8848510
Raphinha,False,La Liga,Barcelona,"MF,FW",28.0,16670000,20840000,br BRA,22,18,1380,15.3,13,3,16,10.0,0,0,0,0,0,71,9,34,10,6,Active,True,False,True,320577,153846,8000000,277440,14426876,133145,6923516,369353,19206336,177254,9217198,4170000.0,3608883.0,4804464.0,2000000.0,1730879.0,2304299.0,18035759,24010801,10000000,8654395,11521497
Robert Lewandowski,False,La Liga,Barcelona,FW,36.0,20830000,26040000,pl POL,31,17,1664,18.5,14,2,16,13.0,0,0,0,0,0,80,19,33,21,3,Active,True,False,True,400577,192308,10000000,346675,18027104,166431,8654395,461525,23999279,221567,11521497,5210000.0,4508940.0,6002700.0,2500000.0,2163599.0,2880374.0,22536044,30001979,12500000,10817993,14401872
Ronald Araujo,False,La Liga,Barcelona,DF,26.0,12500000,16000000,uy URU,24,11,1071,11.9,3,0,3,3.0,0,0,0,0,0,76,15,16,3,15,Active,True,False,True,240385,115385,6000000,208038,10817993,99858,5192637,276959,14401872,132940,6912898,3500000.0,3029038.0,4032524.0,1680000.0,1453938.0,1935612.0,13847032,18434396,7680000,6646575,8848510
Roony Bardghji,False,La Liga,Barcelona,"MF,FW",19.0,1040000,1290000,se SWE,21,7,648,7.2,1,1,2,1.0,0,0,0,0,0,59,8,9,8,4,Active,True,False,False,20000,9615,500000,17309,900057,8322,432720,23043,1198236,11078,576075,250000.0,216360.0,288037.0,120000.0,103853.0,138258.0,1116417,1486273,620000,536572,714333
Wojciech Szczesny,False,La Liga,Barcelona,GK,35.0,3000000,3750000,pl POL,8,8,720,8.0,0,0,0,0.0,4,172,0,4,0,90,15,-1,0,0,Active,True,False,True,57692,27692,1440000,49929,2596318,23966,1246233,66470,3456449,31906,1659096,750000.0,649080.0,864112.0,360000.0,311558.0,414774.0,3245398,4320562,1800000,1557791,2073870
